month,total_contacts,subscriptions,subscription_rate
jan,148,16,0.10810810810810811
feb,222,38,0.17117117117117117
mar,49,21,0.42857142857142855
apr,293,56,0.19112627986348124
may,1398,93,0.06652360515021459
jun,531,55,0.10357815442561205
jul,706,61,0.08640226628895184
aug,633,79,0.12480252764612954
sep,52,17,0.3269230769230769
oct,80,37,0.4625
nov,389,39,0.10025706940874037
dec,20,9,0.45
