feature,count,mean,median,mode,std,min,25%,50%,75%,max
age,4521,41.17009511170095,39.0,34.0,10.576210958711261,19.0,33.0,39.0,49.0,87.0
balance,4521,1422.6578190665782,444.0,0.0,3009.638142467341,-3313.0,69.0,444.0,1480.0,71188.0
duration,4521,263.96129174961294,185.0,123.0,259.85663262468205,4.0,104.0,185.0,329.0,3025.0
campaign,4521,2.793629727936297,2.0,1.0,3.109806660188575,1.0,1.0,2.0,3.0,50.0
pdays,4521,39.766644547666445,-1.0,-1.0,100.12112444301664,-1.0,-1.0,-1.0,-1.0,871.0
previous,4521,0.5425790754257908,0.0,0.0,1.693562350607123,0.0,0.0,0.0,0.0,25.0
